callsign,icao24,latitude,longitude,on_ground,origin_country,velocity,baro_alt,vertical_rate,category,geo_altitude,airline_code,velocity_knots,vertical_rate_fpm,baro_alt_fpm
TVF12ZW,39de4e,41.4527,27.6394,False,France,176.3,4853.94,-5.2,0,5173.98,TVF,342.69899,-1023.62,4853.94
WZZ2196,471efb,41.4439,28.5065,False,Hungary,209.33,10972.8,-0.33,0,11544.3,WZZ,406.90403,-64.9605,10972.8
TCREG,4bc8a7,36.729,31.045,False,Turkey,177.16,4800.6,12.35,0,5105.4,TCR,344.37069,2431.0975,4800.6
ENT4862,505f15,37.5442,30.8827,False,Slovakia,228.83,10972.8,0.0,0,11590.02,ENT,444.80891,0.0,10972.8
SAS7374,4acb58,37.4916,25.9485,False,Sweden,224.98,9989.82,0.98,0,10660.38,SAS,437.32512,192.91299999999998,9989.82
PGT5AA,4bc8e1,41.8022,27.2299,False,Turkey,213.31,10363.2,0.33,0,10934.7,PGT,414.64051,64.9605,10363.2
PGT861J,4bc8cc,40.9315,28.4155,False,Turkey,197.56,6187.44,8.45,0,6576.06,PGT,384.02503,1663.3824999999997,6187.44
AEE907,46b832,37.1438,25.7635,False,Greece,217.43,10866.12,-10.4,0,11544.3,AEE,422.64913,-2047.24,10866.12
AEE992,46b824,40.9464,27.7179,False,Greece,126.67,2476.5,-3.25,0,2727.96,AEE,246.22621,-639.7624999999999,2476.5
LZB8843,4520d0,41.9264,25.9393,False,Bulgaria,256.21,10332.72,4.88,0,10919.46,LZB,498.03125,960.6279999999999,10332.72
H160V,4ba348,41.0708,29.0851,False,Turkey,37.38,190.5,-0.98,0,365.76,,72.66074,-192.91299999999998,190.5
MGH876,4bb4e3,40.5551,27.7256,False,Turkey,240.11,11277.6,0.0,0,11864.34,MGH,466.73542,0.0,11277.6
MGH746,4bb4e7,39.6137,28.4198,False,Turkey,263.93,11277.6,0.0,0,11902.44,MGH,513.03769,0.0,11277.6
PGT52GR,4bc856,41.506,27.7766,False,Turkey,219.16,8793.48,3.25,0,9319.26,PGT,426.01197,639.7624999999999,8793.48
PGT4664,4bc853,40.619,29.3816,False,Turkey,161.17,3581.4,13.66,0,3825.24,PGT,313.28869,2688.971,3581.4
PGT35BN,4bc84e,41.4573,29.6663,False,Turkey,218.7,3802.38,-15.28,0,4701.54,PGT,425.11781,-3007.868,3802.38
PGT73G,4bc84f,41.3707,27.8239,False,Turkey,253.78,10599.42,-5.2,0,11178.54,PGT,493.30772,-1023.62,10599.42
PGT3KH,4bc896,41.8664,27.7833,False,Turkey,227.08,9037.32,6.83,0,9563.1,PGT,441.40719,1344.4855,9037.32
PGT470B,4bc881,41.3746,28.2311,False,Turkey,203.49,8130.54,4.55,0,8618.22,PGT,395.552,895.6674999999999,8130.54
PGT53UC,4bc890,41.1471,28.4024,False,Turkey,197.77,6339.84,10.73,0,6713.22,PGT,384.43324,2112.2005,6339.84
MNB530,4bb47a,41.475,44.3151,False,Turkey,224.47,9753.6,0.0,0,10233.66,MNB,436.33376,0.0,9753.6
ELY2372,738050,42.4214,26.143,False,Israel,257.92,10668.0,0.33,0,11239.5,ELY,501.35521,64.9605,10668.0
ELY238,738056,40.3881,26.0507,False,Israel,257.36,10668.0,0.0,0,11269.98,ELY,500.26666,0.0,10668.0
AUA83N,44006e,36.5059,28.1445,False,Austria,135.13,2834.64,-3.25,0,3048.0,AUA,262.6711,-639.7624999999999,2834.64
MEA229,500214,36.5428,26.5943,False,San Marino,227.59,9753.6,0.0,0,10401.3,MEA,442.39855,0.0,9753.6
MEA232,5001e3,40.5704,25.6061,False,San Marino,257.85,10668.0,0.0,0,11285.22,MEA,501.21914,0.0,10668.0
WZZ2VN,471d63,40.1195,40.4979,False,Hungary,220.59,10370.82,-0.33,0,11323.32,WZZ,428.79167,-64.9605,10370.82
UAE25K,896192,40.3545,26.1829,False,United Arab Emirates,275.44,12496.8,0.0,0,13129.26,UAE,535.41129,0.0,12496.8
UAE9N,89618a,40.8708,29.5986,False,United Arab Emirates,135.25,3680.46,-4.88,0,3954.78,UAE,262.90436,-960.6279999999999,3680.46
AIZ336,452199,38.8949,26.7189,False,Bulgaria,258.4,10668.0,0.0,0,11300.46,AIZ,502.28826,0.0,10668.0
TCHAR,4ba032,36.7606,28.0689,False,Turkey,48.44,320.04,-2.93,0,381.0,TCH,94.15961,-576.7705,320.04
TKJ2TA,4bd8c2,40.4511,39.8297,False,Turkey,215.18,10972.8,0.33,0,11460.48,TKJ,418.27549,64.9605,10972.8
TKJ41E,4bb2ae,36.6752,30.7619,False,Turkey,93.68,952.5,0.0,0,1021.08,TKJ,182.09893,0.0,952.5
TKJ80T,4bb2af,38.8245,27.3552,False,Turkey,155.47,6118.86,-1.63,0,6530.34,TKJ,302.2088,-320.8655,6118.86
TKJ9CK,4bb2a3,40.8014,29.0408,False,Turkey,142.2,1645.92,7.48,0,1798.32,TKJ,276.41405,1472.438,1645.92
THY2QJ,4bb1e8,39.9926,27.0968,False,Turkey,235.51,9753.6,0.0,0,10363.2,THY,457.79376,0.0,9753.6
THY51Z,4bb1c6,41.9683,27.4222,False,Turkey,197.52,6880.86,5.2,0,7292.34,THY,383.94728,1023.62,6880.86
ETD3XA,8962e6,42.2143,29.8025,False,United Arab Emirates,277.35,10668.0,-0.33,0,11193.78,ETD,539.12402,-64.9605,10668.0
TKJ4ZV,4bb295,42.262,27.6477,False,Turkey,208.08,10515.6,7.15,0,11071.86,TKJ,404.47423,1407.4775,10515.6
THY2VS,4bb292,41.2526,28.7279,False,Turkey,67.91,99.06,-2.93,0,205.74,THY,132.00617,-576.7705,99.06
ISR878,73828a,37.4825,34.9169,False,Israel,234.05,10668.0,0.0,0,11247.12,ISR,454.95575,0.0,10668.0
THY662,4bb279,41.0386,28.1498,False,Turkey,140.47,1737.36,-2.6,0,1897.38,THY,273.0512,-511.81,1737.36
TOM533,4079a9,37.9456,27.2131,False,United Kingdom,223.93,9837.42,6.5,0,10431.78,TOM,435.28409,1279.5249999999999,9837.42
THY1RT,4bb0ec,41.4282,27.4943,False,Turkey,184.36,5852.16,-4.23,0,6210.3,THY,358.36634,-832.6755,5852.16
THY3ES,4bb0eb,40.9729,28.6917,False,Turkey,104.78,868.68,-0.65,0,990.6,THY,203.67556,-127.9525,868.68
THY48L,4bb0e9,36.7906,33.3481,False,Turkey,227.56,12192.0,0.0,0,12847.32,THY,442.34023,0.0,12192.0
THY4DU,4bb209,40.9252,28.7735,False,Turkey,83.75,1691.64,-3.25,0,1851.66,THY,162.7966,-639.7624999999999,1691.64
THY6GD,4bb206,41.4757,27.9951,False,Turkey,158.63,4274.82,-7.48,0,4564.38,THY,308.35134,-1472.438,4274.82
THY46P,4bb214,40.9883,28.0919,False,Turkey,131.41,2667.0,-4.88,0,2887.98,THY,255.44001,-960.6279999999999,2667.0
THY9HP,4bb20d,39.1241,36.264,False,Turkey,242.56,10675.62,0.0,0,11224.26,THY,471.49783,0.0,10675.62
CPA007,780a3f,41.195,39.15,False,China,247.22,9753.6,0.0,6,10187.94,CPA,480.55612,0.0,9753.6
UAE7CN,8963f3,38.1692,30.336,False,United Arab Emirates,279.36,12496.8,-0.33,0,13144.5,UAE,543.03114,-64.9605,12496.8
,4bb189,41.4377,29.3698,False,Turkey,147.3,3002.28,-2.6,0,3314.7,,286.32763,-511.81,3002.28
THY6143,4bb156,39.5344,38.3699,False,Turkey,258.97,11887.2,0.0,0,12428.22,THY,503.39624,0.0,11887.2
THY6355,4bb154,41.4684,29.0371,False,Turkey,149.47,4572.0,0.0,0,4869.18,THY,290.54576,0.0,4572.0
THY6533,4bb150,41.9706,28.1236,False,Turkey,216.51,7101.84,11.05,0,7513.32,THY,420.8608,2175.1925,7101.84
TOM6BY,4067f0,42.1509,25.9666,False,United Kingdom,250.14,11277.6,0.0,0,11864.34,TOM,486.23214,0.0,11277.6
FDB7RC,896514,36.7623,26.8791,False,United Arab Emirates,192.38,9098.28,-10.4,0,9700.26,FDB,373.95594,-2047.24,9098.28
TCUUM,4bd6ad,40.0523,26.2947,False,Turkey,56.02,853.44,0.0,0,982.98,TCU,108.89392,0.0,853.44
UAE8UW,89647c,40.7643,25.557,False,United Arab Emirates,270.39,11887.2,0.0,0,12512.04,UAE,525.5949,0.0,11887.2
UAE4PY,89647d,39.1107,34.1693,False,United Arab Emirates,234.87,11582.4,0.0,0,12153.9,UAE,456.5497,0.0,11582.4
FDB4XE,89648d,37.1732,29.6287,False,United Arab Emirates,206.39,8671.56,-11.7,4,,FDB,401.18914,-2303.145,8671.56
UAE238,89644f,39.4959,27.8963,False,United Arab Emirates,267.96,10668.0,0.0,0,11285.22,UAE,520.87137,0.0,10668.0
ETD11K,896439,40.3158,26.2616,False,United Arab Emirates,271.85,11887.2,-0.33,0,12519.66,ETD,528.4329,-64.9605,11887.2
AIZ416,738446,38.2715,35.5729,False,Israel,236.41,10668.0,0.0,0,11216.64,AIZ,459.54321,0.0,10668.0
UAE93Q,89649f,37.3652,34.8647,False,United Arab Emirates,266.5,11277.6,-0.33,0,11887.2,UAE,518.03336,-64.9605,11277.6
VSV5277,683268,39.9431,39.2919,False,Kazakhstan,243.39,10668.0,0.33,0,11125.2,VSV,473.11122,64.9605,10668.0
THY8YF,4bb055,40.637,28.947,False,Turkey,223.85,6431.28,8.13,0,6842.76,THY,435.12858,1600.3905000000002,6431.28
THY94E,4bb061,41.0158,29.2556,False,Turkey,139.24,2263.14,-5.2,0,2461.26,THY,270.66028,-1023.62,2263.14
FDB3NC,8964d4,41.4804,30.5093,False,United Arab Emirates,216.33,7818.12,0.0,0,11529.06,FDB,420.51091,0.0,7818.12
LWA103,01808f,41.1807,28.9421,False,Libyan Arab Jamahiriya,182.09,4579.62,15.61,0,4770.12,LWA,353.95383,3072.8284999999996,4579.62
UAE102,896624,39.5915,27.7094,False,United Arab Emirates,273.24,11887.2,0.0,0,12519.66,UAE,531.13484,0.0,11887.2
THY2FQ,4bb075,41.2399,28.7078,False,Turkey,68.94,160.02,-3.9,0,281.94,THY,134.00833,-767.7149999999999,160.02
UAE44,89661f,38.7397,29.3323,False,United Arab Emirates,273.4,11887.2,0.33,0,12519.66,UAE,531.44586,64.9605,11887.2
THY6TU,4bb06f,41.4462,28.5844,False,Turkey,135.61,2133.6,13.33,0,2278.38,THY,263.60414,2624.0105,2133.6
KLM567,485f83,37.5628,29.7675,False,Kingdom of the Netherlands,269.98,11277.6,0.0,0,11948.16,KLM,524.79792,0.0,11277.6
RJA166,740826,41.0166,28.9264,False,Jordan,212.04,4503.42,10.4,0,4808.22,RJA,412.17183,2047.24,4503.42
AHY061,60084d,36.8302,29.98,False,Azerbaijan,207.78,7132.32,-8.78,0,7597.14,AHY,403.89108,-1728.3429999999998,7132.32
AHY024,60084f,40.0766,41.3103,False,Azerbaijan,275.82,11277.6,-0.33,0,11795.76,AHY,536.14995,-64.9605,11277.6
FHY717,4b9910,38.7535,30.7067,False,Turkey,222.64,9349.74,3.9,0,9913.62,FHY,432.77654,767.7149999999999,9349.74
ETD7BR,8964c3,37.102,32.1295,False,United Arab Emirates,278.94,11887.2,-0.33,6,12550.14,ETD,542.21473,-64.9605,11887.2
FHY1322,4b991a,36.567,30.6502,False,Turkey,134.9,1295.4,-3.58,0,1394.46,FHY,262.22402,-704.723,1295.4
FHY752,4b990e,37.1231,30.6363,False,Turkey,164.23,3467.1,-5.85,0,3726.18,FHY,319.23684,-1151.5725,3467.1
UAE5WR,8964a7,39.429,28.0261,False,United Arab Emirates,272.52,10668.0,0.0,0,11285.22,UAE,529.73528,0.0,10668.0
SVW22CO,4d0208,37.0791,29.3846,False,Luxembourg,206.69,11666.22,7.48,0,12374.88,SVW,401.77229,1472.438,11666.22
ETD7EE,8965f4,41.8486,30.2339,False,United Arab Emirates,265.72,11269.98,16.26,0,11772.9,ETD,516.51716,3200.7810000000004,11269.98
AHY8105,600803,41.2122,41.431,False,Azerbaijan,203.39,10972.8,0.0,0,11445.24,AHY,395.35762,0.0,10972.8
AHY8227,600805,42.0027,42.8395,False,Azerbaijan,204.55,7520.94,-17.56,0,7901.94,AHY,397.61247,-3456.6859999999997,7520.94
FIN1934,461fa2,42.1423,29.1485,False,Finland,185.56,11887.2,0.0,0,12001.5,FIN,360.69895,0.0,11887.2
XAX604,7501fa,41.1455,42.6359,False,Malaysia,207.72,12192.0,0.0,0,12717.78,XAX,403.77444,0.0,12192.0
FDB719,8965c1,38.1411,27.5182,False,United Arab Emirates,206.85,12192.0,0.0,0,12877.8,FDB,402.0833,0.0,12192.0
FHY1311,4b984f,41.0896,29.1819,False,Turkey,213.45,10370.82,0.0,0,10942.32,FHY,414.91265,0.0,10370.82
AFL630,152018,41.0159,28.7326,False,Russian Federation,85.4,1455.42,-2.6,0,1607.82,AFL,166.00394,-511.81,1455.42
SVR1852,152041,41.7162,43.3011,False,Russian Federation,257.53,10668.0,0.0,0,11117.58,SVR,500.59712,0.0,10668.0
GFA003,894097,42.4395,28.6448,False,Bahrain,226.18,11574.78,-0.33,0,12131.04,GFA,439.65773,-64.9605,11574.78
SVR784,152051,40.2399,41.165,False,Russian Federation,391.46,10668.0,0.33,0,11170.92,SVR,760.93561,64.9605,10668.0
AFL733,15203a,40.3959,36.9927,False,Russian Federation,250.17,11277.6,0.33,0,11353.8,AFL,486.29045,64.9605,11277.6
SVR1566,152044,40.0121,37.4768,False,Russian Federation,223.45,9441.18,0.0,0,10530.84,SVR,434.35105,0.0,9441.18
JZR301,706212,41.0459,29.4286,False,Kuwait,130.79,3314.7,0.0,0,3550.92,JZR,254.23483,0.0,3314.7
ISR728,49d3bb,37.6493,29.4598,False,Czech Republic,248.32,11277.6,0.0,0,11940.54,ISR,482.69435,0.0,11277.6
CSN377,7813bc,41.239,41.5036,False,China,221.28,11574.78,-0.33,0,12092.94,CSN,430.13292,-64.9605,11574.78
UAG202,502dad,39.793,36.9338,False,Latvia,245.78,11277.6,0.65,0,11811.0,UAG,477.757,127.9525,11277.6
SEU534,508429,41.5085,29.6352,False,Ukraine,218.31,11582.4,0.33,0,12146.28,SEU,424.35971,64.9605,11582.4
GEC8463,3c70c2,41.4895,44.9277,False,Germany,228.36,9144.0,0.0,0,9570.72,GEC,443.8953,0.0,9144.0
THY1131,4ba9ca,38.8299,30.5394,False,Turkey,220.38,12192.0,-0.33,1,12839.7,THY,428.38346,-64.9605,12192.0
THY4RG,4ba9cd,40.9761,28.4133,False,Turkey,124.0,1158.24,-2.28,0,1303.02,THY,241.03616,-448.8179999999999,1158.24
THY2JT,4ba9cc,40.9683,28.5719,False,Turkey,127.32,891.54,-1.3,0,1021.08,THY,247.48971,-255.905,891.54
CAL076,89916c,40.8105,28.9924,False,Taiwan,268.2,11277.6,0.0,0,11864.34,CAL,521.33789,0.0,11277.6
THY2EU,4ba9e1,41.238,42.0325,False,Turkey,211.66,10972.8,0.0,0,11239.5,THY,411.43317,0.0,10972.8
THY6119,4ba9f9,36.5736,33.5159,False,Turkey,212.56,11582.4,-0.33,0,12252.96,THY,413.18263,-64.9605,11582.4
THY6102,4ba9f5,40.1266,44.4249,False,Turkey,284.0,11887.2,0.33,0,12512.04,THY,552.05056,64.9605,11887.2
BTI711,502cc6,41.2529,28.728,False,Latvia,63.8,114.3,-4.55,4,198.12,BTI,124.01699,-895.6674999999999,114.3
TVS56T,49d403,39.4337,28.5493,False,Czech Republic,248.04,11277.6,0.0,0,11902.44,TVS,482.15007,0.0,11277.6
QTR13X,06a2eb,36.7271,35.2587,False,Qatar,272.86,12489.18,0.33,0,13174.98,QTR,530.39618,64.9605,12489.18
CAI9450,4b8de8,37.6902,30.9283,False,Turkey,192.17,6545.58,10.4,0,6949.44,CAI,373.54773,2047.24,6545.58
THY2MV,4ba9aa,41.1519,28.7096,False,Turkey,90.57,693.42,-5.53,0,807.72,THY,176.05359,-1088.5805,693.42
QTR56L,06a2b2,41.1741,28.65,False,Qatar,159.34,2308.86,7.48,0,2499.36,QTR,309.73147,1472.438,2308.86
THY44D,4ba9a8,37.9517,36.0573,False,Turkey,257.66,9403.08,-12.03,0,9913.62,THY,500.84981,-2368.1054999999997,9403.08
AWG4409,4a12ae,37.2104,30.7983,False,Romania,223.79,10972.8,0.0,0,11612.88,AWG,435.01195,0.0,10972.8
PG76TF,4b8e47,38.9109,34.5302,False,Turkey,204.89,7322.82,0.0,0,7726.68,,398.27338,0.0,7322.82
PGT68WZ,4b8e45,37.5128,28.7512,False,Turkey,193.92,5394.96,-11.05,0,5775.96,PGT,376.94945,-2175.1925,5394.96
TKJ14N,4ba8f2,38.0243,31.1947,False,Turkey,228.74,8534.4,0.0,0,9044.94,TKJ,444.63396,0.0,8534.4
TKJ7AJ,4ba8d5,36.9169,30.812,False,Turkey,89.18,281.94,18.21,0,289.56,TKJ,173.35165,3584.6385,281.94
TCCML,4b8dac,39.285,26.7888,False,Turkey,53.23,632.46,0.98,0,739.14,TCC,103.4706,192.91299999999998,632.46
THY8,4ba94c,41.2853,28.1017,False,Turkey,138.98,3009.9,0.65,0,3238.5,THY,270.15488,127.9525,3009.9
RLA9646,1506ad,38.2669,29.8343,False,Russian Federation,237.2,10180.32,2.28,0,10797.54,RLA,461.07885,448.8179999999999,10180.32
THY6,4ba945,40.9689,28.2582,False,Turkey,131.51,1874.52,-4.88,0,2057.4,THY,255.6344,-960.6279999999999,1874.52
THY975,4ba993,37.0747,31.9664,False,Turkey,217.21,10782.3,5.2,0,11407.14,THY,422.22149,1023.62,10782.3
THY6802,4ba99a,41.1937,40.9033,False,Turkey,65.82,213.36,-3.9,0,289.56,THY,127.94355,-767.7149999999999,213.36
TKJ68A,4ba975,41.0318,39.6711,False,Turkey,83.78,563.88,-4.88,0,624.84,TKJ,162.85492,-960.6279999999999,563.88
TWB403,71c227,41.2138,41.5648,False,Republic of Korea,214.41,12192.0,0.0,0,12748.26,TWB,416.77873,0.0,12192.0
KAL945,71c218,41.7173,44.1825,False,Republic of Korea,230.52,10363.2,0.0,1,10835.64,KAL,448.094,0.0,10363.2
THY7LN,4ba914,38.2396,30.2026,False,Turkey,247.67,10668.0,0.0,0,11285.22,THY,481.43085,0.0,10668.0
KAL907,71c275,41.2889,42.6592,False,Republic of Korea,217.59,10363.2,0.0,1,10828.02,KAL,422.96015,0.0,10363.2
TKJ317,4ba903,40.8666,29.2195,False,Turkey,114.62,762.0,10.08,0,838.2,TKJ,222.80294,1984.248,762.0
TKJ56F,4ba904,40.8544,38.1516,False,Turkey,237.64,11277.6,0.33,0,11148.06,TKJ,461.93414,64.9605,11277.6
EWG90Y,503e9b,37.0632,26.9717,False,Lithuania,143.84,2545.08,7.48,0,2743.2,EWG,279.60195,1472.438,2545.08
SEH010,46cd38,36.8133,25.8382,False,Greece,147.77,3368.04,-5.85,0,3611.88,SEH,287.24124,-1151.5725,3368.04
AAR501,71c359,41.3053,36.3967,False,Republic of Korea,224.51,11582.4,-0.33,0,12077.7,AAR,436.41152,-64.9605,11582.4
LOT6VN,48e95f,40.0256,27.9917,False,Poland,253.74,11277.6,0.0,0,11902.44,LOT,493.22996,0.0,11277.6
KAL937,71c391,41.1988,41.0979,False,Republic of Korea,232.78,10972.8,-0.33,0,11460.48,KAL,452.48708,-64.9605,10972.8
EXS82YD,407e4e,40.8064,29.4836,False,United Kingdom,211.14,10363.2,0.0,0,10911.84,EXS,410.42238,0.0,10363.2
BCS517,440670,41.1006,38.6131,False,Austria,244.8,9753.6,0.0,0,10180.32,BCS,475.85203,0.0,9753.6
RWZ1118,155c40,41.3086,40.1194,False,Russian Federation,263.89,10668.0,-0.33,0,11201.4,RWZ,512.95994,-64.9605,10668.0
AFR253,39cf06,40.8344,43.8487,False,France,216.69,12192.0,-0.33,0,12771.12,AFR,421.21069,-64.9605,12192.0
QTR4N,06a095,36.7648,35.1476,False,Qatar,261.11,9563.1,-1.95,0,10119.36,QTR,507.55606,-383.85749999999996,9563.1
AHY8042,503d74,39.9791,37.3387,False,Lithuania,235.3,10660.38,0.0,0,10995.66,AHY,457.38555,0.0,10660.38
TVL5303,49d13f,37.1463,30.8717,False,Czech Republic,140.95,2430.78,13.98,0,2575.56,TVL,273.98425,2751.963,2430.78
AZO6215,155c05,37.156,31.0973,False,Russian Federation,171.73,3924.3,-2.6,0,4183.38,AZO,333.81564,-511.81,3924.3
AZO3053,155c06,36.5422,31.4989,False,Russian Federation,177.6,6233.16,-7.8,0,6637.02,AZO,345.22598,-1535.4299999999998,6233.16
STW248,4b9e45,40.6119,27.5897,False,Turkey,245.01,10660.38,0.0,0,11262.36,STW,476.26024,0.0,10660.38
STW322,4b9e4f,36.9587,31.4505,False,Turkey,94.66,2346.96,-1.95,0,1082.04,STW,184.00389,-383.85749999999996,2346.96
STW198,4b9e4b,36.8643,30.9321,False,Turkey,137.27,2346.96,-9.43,0,2514.6,STW,266.83092,-1856.2955,2346.96
BRU8194,510115,37.7811,34.3591,False,Belarus,243.48,10058.4,0.0,0,10607.04,BRU,473.28616,0.0,10058.4
BRU748,51012d,39.8345,37.0003,False,Belarus,239.8,10668.0,0.0,0,11163.3,BRU,466.13283,0.0,10668.0
EZY76EZ,407f61,36.7724,30.7752,False,United Kingdom,93.17,716.28,-4.23,0,777.24,EZY,181.10757,-832.6755,716.28
RYS6,48c138,39.9554,30.0215,False,Poland,221.45,10363.2,0.0,0,10934.7,RYS,430.46337,0.0,10363.2
RYS79,48c134,41.8456,29.2689,False,Poland,210.37,10972.8,0.33,0,11529.06,RYS,408.92562,64.9605,10972.8
ESW080,600bcb,37.1176,27.5325,False,Azerbaijan,179.93,4472.94,13.33,0,4777.74,ESW,349.75513,2624.0105,4472.94
ESW550,600bca,41.2923,40.404,False,Azerbaijan,230.48,12565.38,0.33,0,12717.78,ESW,448.01624,64.9605,12565.38
PGT2DY,4bb846,40.095,26.4772,False,Turkey,255.38,11277.6,0.0,0,11894.82,PGT,496.41786,0.0,11277.6
PGT663T,4bb847,38.6729,35.4186,False,Turkey,239.36,11285.22,0.0,0,11864.34,PGT,465.27754,0.0,11285.22
PGT76LZ,4bb856,40.7125,28.5753,False,Turkey,171.72,5257.8,5.2,0,5585.46,PGT,333.7962,1023.62,5257.8
PGT60NC,4bb84f,38.2302,26.671,False,Turkey,147.63,3794.76,-8.45,0,4191.0,PGT,286.9691,-1663.3824999999997,3794.76
PGT25MB,4bb84a,42.288,27.1898,False,Turkey,206.21,10972.8,0.0,0,11544.3,PGT,400.83925,0.0,10972.8
PGT38BF,4bb868,42.1993,26.6113,False,Turkey,206.17,11574.78,0.0,0,12161.52,PGT,400.76149,0.0,11574.78
PGT5678,4bb866,36.7351,30.6611,False,Turkey,135.42,1676.4,-0.98,0,1790.7,PGT,263.23481,-192.91299999999998,1676.4
PGT528F,4bb86a,40.4311,30.3502,False,Turkey,198.0,5318.76,-13.0,0,5783.58,PGT,384.88032,-2559.0499999999997,5318.76
PGT85J,4bb879,38.8651,30.7298,False,Turkey,222.44,10363.2,0.0,0,10972.8,PGT,432.38777,0.0,10363.2
PGT6275,4bb875,40.4638,29.6051,False,Turkey,221.29,10317.48,2.93,0,10904.22,PGT,430.15235,576.7705,10317.48
PGT838F,4bb876,37.2149,27.8167,False,Turkey,69.82,845.82,-4.55,0,929.64,PGT,135.71891,-895.6674999999999,845.82
QTR69N,06a13c,36.7397,35.2481,False,Qatar,272.97,10668.0,0.0,0,11254.74,QTR,530.61,0.0,10668.0
SAS7372,4acaa5,36.5616,26.9926,False,Sweden,218.03,5509.26,7.15,0,5905.5,SAS,423.81544,1407.4775,5509.26
TCFUN,4b9aae,41.8418,40.748,False,Turkey,78.36,2598.42,0.0,0,2758.44,TCF,152.3193,0.0,2598.42
EXS11KE,40803c,41.744,27.9369,False,United Kingdom,208.66,10972.8,0.0,0,11551.92,EXS,405.60165,0.0,10972.8
EJU15ZP,440cbe,41.4763,41.608,False,Austria,208.12,10363.2,0.0,0,10805.16,EJU,404.55198,0.0,10363.2
DLH680,3c64a8,38.9461,28.0707,False,Germany,253.69,10668.0,0.33,0,11300.46,DLH,493.13277,64.9605,10668.0
DLH1299,3c648a,41.4593,28.7732,False,Germany,135.52,1897.38,5.2,0,2026.92,DLH,263.4292,1023.62,1897.38
AFL804,151dd7,39.7853,36.4805,False,Russian Federation,212.5,10363.2,0.0,0,10896.6,AFL,413.066,0.0,10363.2
SDM5955,151dfb,36.8784,32.8088,False,Russian Federation,212.13,10538.46,3.58,0,11148.06,SDM,412.34678,704.723,10538.46
PBD836,151e53,40.5719,36.2574,False,Russian Federation,231.91,11277.6,0.0,0,11803.38,PBD,450.79593,0.0,11277.6
AFL905,151da6,37.7968,34.378,False,Russian Federation,238.39,10668.0,0.0,0,11247.12,AFL,463.39202,0.0,10668.0
WUK759,408041,42.2319,27.2938,False,United Kingdom,212.79,8229.6,4.55,0,8724.9,WUK,413.62971,895.6674999999999,8229.6
EXS95T,408032,40.0406,29.976,False,United Kingdom,218.4,10980.42,0.0,0,11590.02,EXS,424.53466,0.0,10980.42
N905TF,ac836e,42.0861,27.1744,False,United States,243.64,9753.6,0.33,0,10287.0,,473.59718,64.9605,9753.6
PBD840,151e1b,37.1085,32.2678,False,Russian Federation,226.34,8069.58,6.5,0,8549.64,PBD,439.96875,1279.5249999999999,8069.58
PBD980,151e1f,39.7507,38.0028,False,Russian Federation,238.44,11277.6,0.0,0,11795.76,PBD,463.48921,0.0,11277.6
AFL2121,151d89,37.0797,27.7936,False,Russian Federation,195.11,4808.22,7.8,0,5120.64,AFL,379.26262,1535.4299999999998,4808.22
THY3HM,4baad9,40.9615,29.0783,False,Turkey,133.53,2232.66,-5.2,0,2423.16,THY,259.56096,-1023.62,2232.66
AFL400,151d95,37.1027,30.9963,False,Russian Federation,221.13,11277.6,0.0,0,11925.3,AFL,429.84134,0.0,11277.6
THY6TMD,4bab46,41.1969,28.729,False,Turkey,68.94,419.1,-2.93,0,518.16,THY,134.00833,-576.7705,419.1
TKJ83U,4bab53,37.7932,31.3473,False,Turkey,233.1,10363.2,0.33,0,10957.56,TKJ,453.1091,64.9605,10363.2
IRB9708,733491,39.5161,39.519,False,Islamic Republic of Iran,242.52,10675.62,0.33,0,,IRB,471.42008,64.9605,10675.62
IRB9734,733495,40.6609,30.2487,False,Islamic Republic of Iran,259.43,10058.4,0.65,0,10584.18,IRB,504.29041,127.9525,10058.4
THY640,4bab21,41.043,26.891,False,Turkey,184.86,7010.4,0.33,0,7444.74,THY,359.33826,64.9605,7010.4
THY8SW,4bab22,40.8962,28.9113,False,Turkey,203.44,5379.72,16.58,0,5715.0,THY,395.45481,3263.7729999999997,5379.72
THY1MA,4baa44,39.1875,29.1262,False,Turkey,232.29,9136.38,0.0,0,9692.64,THY,451.53459,0.0,9136.38
,4baa46,40.9851,30.3075,False,Turkey,160.0,5935.98,-4.55,0,6278.88,,311.0144,-895.6674999999999,5935.98
THY2522,4baa0d,37.4313,28.301,False,Turkey,151.5,3078.48,-5.85,0,3314.7,THY,294.49176,-1151.5725,3078.48
THY4KQ,4baa0b,41.3239,29.296,False,Turkey,147.13,906.78,0.0,0,3238.5,THY,285.99718,0.0,906.78
THY1QU,4baa0c,39.0991,30.3581,False,Turkey,221.55,10370.82,0.0,0,10980.42,THY,430.65775,0.0,10370.82
THY2PL,4baa81,40.7999,27.9166,False,Turkey,183.72,7178.04,6.5,0,7589.52,THY,357.12228,1279.5249999999999,7178.04
THY9UH,4baa66,41.8962,27.635,False,Turkey,216.86,7924.8,7.8,0,8382.0,THY,421.54114,1535.4299999999998,7924.8
,4baa63,41.3596,28.8073,False,Turkey,110.64,922.02,4.23,0,822.96,,215.06646,832.6755,922.02
THY4DT,4baa4f,41.1452,27.9359,False,Turkey,125.83,2705.1,0.0,0,2910.84,THY,244.59339,0.0,2705.1
THY5AW,4baa6c,41.252,28.728,False,Turkey,66.38,114.3,-2.93,0,205.74,THY,129.0321,-576.7705,114.3
THY6YS,4baa79,40.4309,27.5148,False,Turkey,199.64,4625.34,-21.46,0,5052.06,THY,388.06822,-4224.401,4625.34
VKG405,45d066,37.9216,25.67,False,Denmark,221.79,10896.6,3.9,4,11559.54,VKG,431.12427,767.7149999999999,10896.6
KLM898,48436f,41.0695,40.3137,False,Kingdom of the Netherlands,243.86,10972.8,0.0,0,10828.02,KLM,474.02482,0.0,10972.8
TKJ5PY,4bbd04,38.5157,28.4452,False,Turkey,167.03,7269.48,-5.53,0,7757.16,TKJ,324.6796,-1088.5805,7269.48
TKJ8NZ,4bbd02,37.3561,27.3851,False,Turkey,145.89,2232.66,13.0,0,2400.3,TKJ,283.58682,2559.0499999999997,2232.66
YRSIL,4a4d2c,40.8073,38.1893,False,Romania,228.56,12184.38,-0.33,0,12725.4,YRS,444.28407,-64.9605,12184.38
THY1NQ,4baa08,38.9396,28.9125,False,Turkey,232.0,9761.22,0.0,0,10332.72,THY,450.97088,0.0,9761.22
THY5TD,4baa10,37.3157,31.955,False,Turkey,255.74,11269.98,0.33,0,11925.3,THY,497.11764,64.9605,11269.98
THY3FZ,4baa0a,41.1152,28.7306,False,Turkey,73.58,899.16,-4.88,0,1021.08,THY,143.02775,-960.6279999999999,899.16
AWG724T,4a04e3,41.0776,28.7111,False,Romania,89.53,876.3,0.0,0,998.22,AWG,174.032,0.0,876.3
CHH438,7811f9,40.9849,29.9394,False,China,273.12,10660.38,0.0,0,11224.26,CHH,530.90158,0.0,10660.38
KAC101,706059,42.0337,29.4409,False,Kuwait,221.56,10363.2,0.0,0,10896.6,KAC,430.67719,0.0,10363.2
TCSVN,4bcece,37.8973,26.3439,False,Turkey,229.03,11582.4,0.33,0,12245.34,TCS,445.19768,64.9605,11582.4
KAC192,706069,41.3104,44.2249,False,Kuwait,194.69,7673.34,8.78,0,8069.58,KAC,378.44621,1728.3429999999998,7673.34
SXS8FR,4bceb5,38.955,27.3594,False,Turkey,167.95,7048.5,-2.93,0,7505.7,SXS,326.46793,-576.7705,7048.5
KAC156,70605d,40.3798,29.0814,False,Kuwait,256.41,7635.24,8.45,0,8092.44,KAC,498.42001,1663.3824999999997,7635.24
ISR885,4a0483,37.6744,34.2332,False,Romania,246.39,10972.8,0.33,0,11567.16,ISR,478.94274,64.9605,10972.8
IRM117,7335b5,39.4588,39.5754,False,Islamic Republic of Iran,260.57,11292.84,-0.33,0,11811.0,IRM,506.50639,-64.9605,11292.84
CES704,781393,41.3887,28.9996,False,China,160.22,2918.46,10.08,0,3032.76,CES,311.44204,1984.248,2918.46
SXS9EP,4bcdee,38.601,30.7712,False,Turkey,227.08,9753.6,0.33,0,10317.48,SXS,441.40719,64.9605,9753.6
SXS4ZJ,4bcdf9,42.1903,26.9155,False,Turkey,207.6,11582.4,0.0,0,12153.9,SXS,403.54118,0.0,11582.4
SXS1XE,4bcdef,38.4396,27.6417,False,Turkey,134.82,4442.46,-3.25,0,4785.36,SXS,262.06851,-639.7624999999999,4442.46
SXS7RR,4bcdfa,39.1716,27.4413,False,Turkey,147.18,5791.2,-0.33,0,6172.2,SXS,286.09437,-64.9605,5791.2
KOC22,4bce61,41.0334,28.9563,False,Turkey,137.55,2019.3,23.08,0,2202.18,KOC,267.37519,4543.298,2019.3
SEU7348,50848a,41.2658,28.8646,False,Ukraine,209.18,10972.8,0.0,0,11559.54,SEU,406.61245,0.0,10972.8
SXS8HN,4bcda4,39.881,28.2263,False,Turkey,255.43,11277.6,-0.33,0,11910.06,SXS,496.51505,-64.9605,11277.6
SXS8QL,4bcdb2,40.6076,25.7498,False,Turkey,256.92,12496.8,0.0,0,13129.26,SXS,499.41137,0.0,12496.8
SXS37Q,4bcdae,40.228,29.7872,False,Turkey,210.26,11490.96,4.23,0,12092.94,SXS,408.7118,832.6755,11490.96
SXS8TG,4bcdab,37.5446,30.8064,False,Turkey,186.37,5097.78,10.08,0,5410.2,SXS,362.27346,1984.248,5097.78
SXS4RN,4bccba,40.2445,26.264,False,Turkey,253.69,11277.6,0.0,0,11910.06,SXS,493.13277,0.0,11277.6
TCSFS,4bccd3,37.3822,29.1173,False,Turkey,143.98,7063.74,-4.88,0,7505.7,TCS,279.87408,-960.6279999999999,7063.74
SXS7WM,4bce0d,37.2965,30.5238,False,Turkey,197.43,4541.52,-10.4,0,4846.32,SXS,383.77233,-2047.24,4541.52
SXS4WG,4bce0b,42.0044,27.7081,False,Turkey,207.84,10972.8,0.33,0,11544.3,SXS,404.00771,64.9605,10972.8
SXS2YJ,4bce05,40.8501,27.5027,False,Turkey,245.73,11277.6,0.0,0,11864.34,SXS,477.6598,0.0,11277.6
SXS3XF,4bce10,41.6963,29.5806,False,Turkey,260.29,10668.0,0.0,0,11209.02,SXS,505.96211,0.0,10668.0
SIA7328,76cccf,41.1127,42.6853,False,Singapore,237.21,9753.6,0.33,1,10172.7,SIA,461.09829,64.9605,9753.6
SIA23,76cce1,41.2225,37.085,False,Singapore,267.93,11887.2,0.0,0,12352.02,SIA,520.81305,0.0,11887.2
UZB3229,507c70,40.1175,44.1042,False,Uzbekistan,190.15,10355.58,0.0,0,10904.22,UZB,369.62118,0.0,10355.58
EZY96LT,40768b,37.9076,27.1522,False,United Kingdom,190.23,6797.04,9.1,0,7254.24,EZY,369.77668,1791.3349999999998,6797.04
OR3192,4b82d4,37.0221,30.6471,False,Turkey,50.63,594.36,-0.98,0,640.08,,98.41662,-192.91299999999998,594.36
HANDE04,4b82da,39.5522,30.4029,False,Turkey,123.47,8260.08,0.0,0,8755.38,HAN,240.00592,0.0,8260.08
HANDE12,4b82ff,39.1147,30.3872,False,Turkey,128.1,8382.0,0.0,0,8877.3,HAN,249.0059,0.0,8382.0
ETD9SM,8966d0,37.6238,31.2649,False,United Arab Emirates,273.07,11887.2,0.0,0,12534.9,ETD,530.80439,0.0,11887.2
NIA191,0102b4,37.9363,30.6445,False,Egypt,228.12,9761.22,0.0,0,10340.34,NIA,443.42878,0.0,9761.22
ORMAN68,4b8419,39.0725,27.7845,False,Turkey,54.02,5181.6,0.0,0,5509.26,ORM,105.00624,0.0,5181.6
ETD134,8966a8,37.3004,34.9024,False,United Arab Emirates,257.77,10043.16,0.0,0,10607.04,ETD,501.06364,0.0,10043.16
,8966a1,41.6786,30.2009,False,United Arab Emirates,206.84,11582.4,0.0,0,12146.28,,402.06387,0.0,11582.4
TCERM,4b964d,37.995,27.4696,False,Turkey,211.78,6827.52,-8.13,0,7292.34,TCE,411.66644,-1600.3905000000002,6827.52
LOT1KM,48ada5,41.3427,28.7253,False,Poland,78.71,1089.66,9.1,0,952.5,LOT,152.99965,1791.3349999999998,1089.66
SVA263,717c85,40.8825,28.8763,False,Saudi Arabia,109.6,1691.64,-0.98,0,1851.66,SVA,213.04486,-192.91299999999998,1691.64
KNE555,717c76,40.7557,30.0349,False,Saudi Arabia,177.28,3619.5,-6.5,0,3870.96,KNE,344.60396,-1279.5249999999999,3619.5
S31,4b8360,36.5674,28.0376,False,Turkey,41.34,5181.6,0.0,0,5509.26,,80.35835,0.0,5181.6
EZY17NZ,407794,38.6552,26.4515,False,United Kingdom,219.38,10210.8,6.18,0,10843.26,EZY,426.43962,1216.533,10210.8
MSR784,01020b,42.3515,25.9737,False,Egypt,258.07,11887.2,0.33,0,12473.94,MSR,501.64679,64.9605,11887.2
LOT100,48ae24,41.4503,43.6124,False,Poland,212.11,12184.38,-1.95,0,12763.5,LOT,412.3079,-383.85749999999996,12184.38
,48ae25,40.8205,31.3587,False,Poland,276.25,10058.4,-0.33,0,10607.04,,536.9858,-64.9605,10058.4
NMA330,010297,40.8221,30.1404,False,Egypt,164.01,2804.16,-3.25,0,3406.14,NMA,318.8092,-639.7624999999999,2804.16
TCTNE,4bd1c5,37.8002,27.7215,False,Turkey,41.87,1760.22,1.95,0,1905.0,TCT,81.38858,383.85749999999996,1760.22
UZB272,507c59,40.0696,42.8438,False,Uzbekistan,282.74,12702.54,-2.6,0,13319.76,UZB,549.60132,-511.81,12702.54
KNE2985,717caa,40.9063,29.9406,False,Saudi Arabia,150.65,5334.0,-9.43,0,5669.28,KNE,292.8395,-1856.2955,5334.0
RYR8ZV,4cade0,36.7494,30.5919,False,Ireland,246.08,11277.6,-0.33,0,11932.92,RYR,478.34015,-64.9605,11277.6
KZR659,4cade1,37.454,28.6034,False,Ireland,166.87,4526.28,-6.18,0,4869.18,KZR,324.36858,-1216.533,4526.28
WMT6345,4d242f,41.9738,28.7704,False,Malta,239.84,10965.18,8.78,0,11529.06,WMT,466.21059,1728.3429999999998,10965.18
EXS60P,40751b,36.5263,26.6164,False,United Kingdom,220.02,7063.74,6.18,0,7536.18,EXS,427.68368,1216.533,7063.74
CAI9JM,4bd18a,39.2719,29.4072,False,Turkey,243.07,11277.6,-0.33,0,11879.58,CAI,472.48919,-64.9605,11277.6
EFW67A,400be5,36.9272,30.6763,False,United Kingdom,134.63,2225.04,-6.83,0,2392.68,EFW,261.69918,-1344.4855,2225.04
EAU037,4d233c,40.4632,28.7557,False,Malta,138.99,2072.64,-3.25,0,2270.76,EAU,270.17432,-639.7624999999999,2072.64
EWG72F,3c56eb,37.4871,26.7431,False,Germany,191.17,5433.06,7.15,0,5821.68,EWG,371.60389,1407.4775,5433.06
RYR4537,4d236a,36.8985,27.0251,False,Malta,228.83,7025.64,-11.05,0,7543.8,RYR,444.80891,-2175.1925,7025.64
EXS4YH,4070e9,37.8395,26.3606,False,United Kingdom,221.75,8092.44,7.15,0,8610.6,EXS,431.04652,1407.4775,8092.44
AFL463,151fe8,40.2265,37.9146,False,Russian Federation,233.0,10050.78,0.0,0,10553.7,AFL,452.91472,0.0,10050.78
ASL422,4c01f4,41.7182,26.6375,False,Serbia,230.57,8046.72,-7.15,0,8564.88,ASL,448.19119,-1407.4775,8046.72
AFL2124,151fff,36.5901,30.7646,False,Russian Federation,96.43,1036.32,-0.98,0,1112.52,AFL,187.44449,-192.91299999999998,1036.32
AFL2143,151feb,36.9693,31.1807,False,Russian Federation,141.99,2369.82,10.4,0,2506.98,AFL,276.00584,2047.24,2369.82
AFL615,151fef,41.7593,43.2599,False,Russian Federation,234.61,10652.76,7.8,0,10881.36,AFL,456.0443,1535.4299999999998,10652.76
ASL91K,4c01ed,42.2657,43.328,False,Serbia,220.91,8519.16,6.5,0,8907.78,ASL,429.41369,1279.5249999999999,8519.16
VKG587,45d972,37.6762,25.7623,False,Denmark,224.36,10165.08,4.88,0,10812.78,VKG,436.11994,960.6279999999999,10165.08
RYR9NZ,4d2280,37.296,26.568,False,Malta,247.97,10576.56,-16.26,0,11247.12,RYR,482.014,-3200.7810000000004,10576.56
NJE571M,493293,36.9858,30.886,False,Portugal,125.99,2270.76,7.8,0,2423.16,NJE,244.9044,1535.4299999999998,2270.76
SBI5864,151ec3,37.1004,32.0513,False,Russian Federation,218.75,7010.4,6.5,0,7421.88,SBI,425.215,1279.5249999999999,7010.4
KAL509,71be24,40.907,43.3773,False,Republic of Korea,219.45,10363.2,0.0,0,10843.26,KAL,426.57569,0.0,10363.2
KZR8004,4cac0c,39.5882,38.3164,False,Ireland,230.66,10668.0,0.0,0,11155.68,KZR,448.36613,0.0,10668.0
KZR916,4cac0e,37.0953,32.7671,False,Ireland,248.55,9753.6,7.15,0,10317.48,KZR,483.14143,1407.4775,9753.6
KAF001,71be43,41.0153,39.9615,False,Republic of Korea,237.41,11582.4,-0.33,0,11460.48,KAF,461.48705,-64.9605,11582.4
TCDGN,4b90ee,38.6586,29.8611,False,Turkey,240.53,9753.6,0.0,0,10340.34,TCD,467.55184,0.0,9753.6
BAW706,40838c,38.7731,28.1994,False,United Kingdom,250.19,11277.6,0.33,0,11925.3,BAW,486.32933,64.9605,11277.6
AEE5WG,4691c7,36.9451,25.8706,False,Greece,216.72,9144.0,0.33,0,9753.6,AEE,421.269,64.9605,9144.0
MSR751,010108,39.7101,30.1533,False,Egypt,214.48,10972.8,0.0,0,11559.54,MSR,416.9148,0.0,10972.8
EDW56Z,4b18bb,36.7675,27.1123,False,Switzerland,69.09,243.84,-4.23,0,297.18,EDW,134.29991,-832.6755,243.84
WMT4470,4d2090,40.1323,29.2585,False,Malta,241.79,10660.38,0.33,0,11254.74,WMT,470.00107,64.9605,10660.38
,86e800,40.8224,31.4082,False,Japan,281.08,10660.38,-0.33,0,11224.26,,546.37455,-64.9605,10660.38
SEU6123,4d2003,41.8768,26.5688,False,Malta,248.3,11277.6,0.0,0,11856.72,SEU,482.65547,0.0,11277.6
CFG869,3c79ba,40.3538,29.577,False,Germany,219.28,10370.82,-0.33,0,10949.94,CFG,426.24524,-64.9605,10370.82
PGT51MR,4b9069,38.4517,27.6011,False,Turkey,149.36,5181.6,0.0,0,5547.36,PGT,290.33194,0.0,5181.6
SVA258,7114f2,37.2835,30.5772,False,Saudi Arabia,246.11,10675.62,0.0,0,11323.32,SVA,478.39846,0.0,10675.62
